{
  "metrics": {
    "top1": 0.2928934010152284,
    "top5": 0.45957416807670615,
    "top10": 0.5295403271291597,
    "top1_base": 0.4347970357261365,
    "cond_fast": 45451.23422288964,
    "cond_slow": 77256.65492813506,
    "N": 70920,
    "D_fast": 512,
    "D_slow": 1024,
    "V": 520,
    "family_breakdown": {
      "byte1": 0.27734375,
      "vocab": 0.3384615384615385,
      "pair": 0.30218505859375,
      "sep_ax": 0.00390625,
      "sep_xa": 0.27734375,
      "alt4": 0.158447265625
    }
  }
}